timestamp,x,y,cs_x,cs_y
1762729756.075157,-1.314061,-0.163128,0.100586,3.269754
1762729756.125861,-1.318089,-0.165711,0.100342,3.249988
1762729756.174027,-1.315638,-0.167831,0.099063,3.254705
1762729756.224773,-1.314607,-0.167464,0.098903,3.248260
1762729756.274048,-1.314179,-0.169097,0.096598,3.248947
1762729756.324186,-1.322233,-0.163711,0.095918,3.260235
1762729756.374017,-1.316467,-0.167192,0.097720,3.264432
1762729756.424143,-1.314434,-0.166699,0.098689,3.256880
1762729756.476021,-1.316910,-0.167803,0.098659,3.264772
1762729756.526621,-1.318893,-0.163901,0.102543,3.257145
1762729756.576167,-1.314131,-0.168716,0.099045,3.248266
1762729756.627503,-1.314053,-0.166933,0.101054,3.258313
1762729756.674385,-1.317304,-0.164860,0.099412,3.261801
1762729756.724802,-1.313189,-0.167088,0.097107,3.261877
1762729756.774256,-1.316240,-0.167708,0.098781,3.256956
1762729756.824904,-1.315506,-0.167676,0.098459,3.260199
1762729756.880119,-1.317640,-0.167538,0.096992,3.263485
1762729756.924805,-1.317152,-0.165827,0.099416,3.253444
1762729756.978993,-1.315821,-0.167560,0.097441,3.253091
1762729757.024360,-1.314110,-0.168305,0.096590,3.268735
1762729757.074213,-1.315414,-0.167058,0.098692,3.251301
1762729757.125752,-1.316701,-0.168224,0.095483,3.254566
1762729757.174171,-1.312536,-0.168388,0.096258,3.255535
1762729757.224191,-1.314047,-0.167271,0.096909,3.260944
1762729757.274344,-1.314215,-0.167829,0.100018,3.253828
1762729757.325864,-1.314458,-0.165923,0.098039,3.254800
1762729757.377766,-1.313651,-0.168573,0.098201,3.264347
1762729757.426808,-1.313725,-0.167440,0.099663,3.257921
1762729757.479080,-1.314318,-0.168878,0.096577,3.260801
1762729757.524423,-1.317655,-0.166051,0.098465,3.246107
1762729757.575516,-1.313525,-0.167641,0.100892,3.260171
1762729757.624384,-1.316927,-0.166956,0.099911,3.254072
1762729757.681648,-1.315023,-0.169604,0.096275,3.250621
1762729757.724906,-1.314961,-0.167785,0.097094,3.270492
1762729757.775558,-1.318860,-0.167412,0.095425,3.257337
1762729757.824952,-1.317980,-0.166988,0.097482,3.265480
1762729757.875444,-1.314632,-0.167221,0.097146,3.255923
1762729757.927128,-1.315162,-0.167122,0.097765,3.259846
1762729757.977075,-1.315130,-0.167470,0.095820,3.258077
1762729758.024060,-1.315621,-0.166725,0.099442,3.258274
1762729758.075603,-1.316391,-0.168294,0.094327,3.257231
1762729758.129008,-1.314070,-0.166920,0.099363,3.263162
1762729758.174854,-1.316200,-0.166879,0.099194,3.258626
1762729758.224223,-1.315703,-0.167469,0.096277,3.248355
1762729758.274898,-1.317638,-0.166665,0.096245,3.255926
1762729758.324184,-1.315440,-0.165165,0.099156,3.255263
1762729758.374277,-1.313911,-0.166633,0.099652,3.255997
1762729758.424222,-1.317679,-0.165588,0.098579,3.258128
1762729758.476984,-1.319096,-0.165311,0.097189,3.265575
1762729758.524969,-1.317797,-0.166659,0.096082,3.256433
1762729758.577770,-1.313632,-0.167189,0.097340,3.259788
1762729758.624326,-1.316435,-0.164741,0.102953,3.253850
1762729758.674389,-1.319226,-0.165690,0.097771,3.266626
1762729758.724735,-1.312701,-0.168208,0.096307,3.265182
1762729758.775479,-1.315682,-0.167560,0.095273,3.271563
1762729758.824909,-1.313895,-0.167381,0.100770,3.246497
1762729758.875072,-1.316621,-0.166450,0.098034,3.250998
1762729758.924459,-1.311669,-0.169115,0.099053,3.262366
1762729758.974272,-1.315419,-0.167998,0.101016,3.250257
1762729759.025720,-1.313352,-0.168142,0.098207,3.254972
1762729759.074058,-1.315236,-0.168274,0.098442,3.261690
1762729759.124558,-1.315407,-0.167795,0.096967,3.264105
1762729759.176204,-1.315611,-0.167566,0.100758,3.264321
1762729759.224325,-1.312606,-0.168105,0.099753,3.260358
1762729759.276426,-1.315379,-0.165776,0.098492,3.267100
1762729759.327513,-1.317907,-0.164283,0.101419,3.250687
1762729759.374309,-1.316727,-0.166781,0.098058,3.255287
1762729759.424188,-1.318111,-0.165562,0.096976,3.262549
1762729759.475188,-1.313522,-0.168777,0.102196,3.251186
1762729759.525793,-1.313494,-0.166852,0.098981,3.266334
1762729759.579048,-1.314512,-0.170222,0.096170,3.250735
1762729759.624373,-1.314511,-0.166921,0.100757,3.249464
1762729759.674345,-1.312974,-0.167739,0.099697,3.268027
1762729759.725307,-1.317542,-0.165870,0.097325,3.269621
1762729759.776806,-1.312806,-0.168568,0.098573,3.252046
1762729759.827519,-1.315548,-0.165469,0.099418,3.267559
1762729759.874199,-1.317243,-0.166301,0.097096,3.257928
1762729759.925893,-1.315337,-0.168662,0.098363,3.248101
1762729759.976905,-1.314694,-0.166574,0.098360,3.251706
1762729760.029155,-1.317369,-0.165272,0.099717,3.264591
1762729760.074065,-1.315201,-0.166189,0.100139,3.262721
1762729760.124596,-1.317224,-0.166101,0.098142,3.246550
1762729760.174416,-1.314127,-0.168855,0.098203,3.256877
1762729760.223915,-1.318567,-0.163166,0.099124,3.255622
1762729760.273995,-1.313960,-0.168310,0.097652,3.252663
1762729760.324050,-1.316034,-0.167836,0.095992,3.250694
1762729760.374344,-1.312573,-0.167547,0.100443,3.255426
1762729760.424065,-1.315311,-0.168105,0.097351,3.256684
1762729760.474082,-1.314706,-0.167950,0.096763,3.263278
1762729760.523902,-1.316181,-0.165501,0.102327,3.262277
1762729760.573991,-1.314195,-0.167009,0.098615,3.266182
1762729760.624106,-1.314693,-0.168416,0.096226,3.261185
1762729760.675889,-1.318083,-0.165443,0.098389,3.259338
1762729760.724168,-1.317763,-0.165047,0.100324,3.258134
1762729760.774362,-1.316767,-0.166512,0.097388,3.262593
1762729760.825105,-1.315480,-0.166079,0.099030,3.258820
1762729760.875113,-1.314119,-0.168631,0.097158,3.265452
1762729760.925156,-1.315952,-0.166278,0.101040,3.259394
1762729760.974134,-1.315123,-0.169248,0.096720,3.263125
1762729761.024182,-1.313901,-0.168488,0.098032,3.254153
1762729761.074920,-1.315164,-0.165985,0.098130,3.261858
1762729761.127715,-1.317159,-0.165551,0.098488,3.261077
1762729761.174042,-1.314309,-0.168886,0.097698,3.255388
1762729761.228894,-1.318563,-0.165398,0.098944,3.260456
1762729761.274023,-1.311710,-0.169935,0.099726,3.255968
1762729761.326480,-1.313369,-0.170041,0.096347,3.258037
1762729761.374399,-1.314908,-0.168088,0.096399,3.257520
1762729761.424109,-1.315500,-0.167246,0.099278,3.261529
1762729761.473953,-1.316839,-0.165171,0.099033,3.254983
1762729761.525758,-1.312283,-0.168494,0.101858,3.257681
1762729761.573968,-1.315276,-0.166933,0.100082,3.252684
1762729761.625193,-1.316141,-0.166439,0.099501,3.264677
1762729761.676579,-1.317074,-0.166888,0.098815,3.251806
1762729761.729014,-1.316265,-0.165472,0.099762,3.259538
1762729761.774017,-1.317159,-0.165853,0.101721,3.247369
1762729761.824419,-1.311898,-0.169107,0.099062,3.254380
1762729761.874055,-1.317081,-0.166975,0.098636,3.264323
1762729761.927756,-1.315242,-0.167420,0.098902,3.260040
1762729761.979045,-1.315370,-0.166479,0.099919,3.254607
1762729762.025815,-1.314072,-0.168844,0.098285,3.253216
1762729762.074549,-1.316333,-0.166585,0.101857,3.243236
1762729762.124801,-1.315150,-0.167463,0.097132,3.264427
1762729762.178336,-1.317504,-0.168483,0.094374,3.264869
1762729762.224062,-1.316635,-0.167693,0.097940,3.248795
1762729762.274465,-1.314903,-0.167446,0.097682,3.260687
1762729762.326348,-1.313528,-0.168036,0.097788,3.262722
1762729762.379042,-1.318414,-0.166244,0.099865,3.254114
1762729762.425919,-1.316620,-0.167633,0.100099,3.252134
1762729762.476759,-1.314605,-0.166290,0.099811,3.262704
1762729762.525954,-1.316373,-0.166089,0.098138,3.257500
1762729762.574252,-1.316201,-0.166321,0.099198,3.255778
1762729762.624068,-1.314899,-0.166568,0.099936,3.253230
1762729762.674149,-1.315012,-0.166526,0.101504,3.258268
1762729762.724213,-1.313093,-0.167527,0.099138,3.262494
1762729762.773975,-1.314136,-0.167792,0.098704,3.237310
1762729762.824180,-1.312769,-0.167524,0.097736,3.257929
1762729762.878742,-1.315767,-0.166924,0.097577,3.257487
1762729762.924901,-1.314029,-0.167441,0.099130,3.248067
1762729762.973982,-1.315742,-0.165765,0.100984,3.261858
1762729763.024974,-1.316900,-0.167897,0.096208,3.257326
1762729763.074100,-1.316450,-0.165722,0.097524,3.260695
1762729763.125215,-1.316462,-0.167370,0.097569,3.254922
1762729763.175276,-1.314290,-0.168223,0.098765,3.250297
1762729763.225052,-1.316865,-0.166628,0.096134,3.252093
1762729763.276083,-1.315531,-0.165575,0.101122,3.255323
1762729763.323988,-1.315990,-0.167933,0.098238,3.243651
1762729763.375562,-1.315123,-0.168801,0.099947,3.232575
1762729763.424284,-1.312918,-0.168070,0.099137,3.262506
1762729763.474033,-1.314591,-0.169006,0.095216,3.236967
1762729763.528904,-1.316676,-0.165034,0.102535,3.244037
1762729763.574809,-1.316429,-0.165223,0.097974,3.254406
1762729763.624084,-1.315324,-0.166824,0.100238,3.245742
1762729763.674087,-1.314839,-0.169431,0.098853,3.235697
1762729763.726473,-1.316136,-0.167732,0.095869,3.252182
1762729763.774122,-1.317805,-0.165107,0.101682,3.250605
1762729763.824172,-1.315385,-0.167100,0.096311,3.255439
1762729763.873996,-1.314681,-0.166834,0.097694,3.244805
1762729763.924079,-1.315582,-0.166805,0.099229,3.250861
1762729763.973983,-1.314060,-0.167949,0.100158,3.251120
1762729764.024111,-1.314869,-0.167656,0.098487,3.244951
1762729764.074015,-1.314046,-0.166856,0.099107,3.240753
1762729764.126465,-1.313902,-0.166293,0.101695,3.236595
1762729764.176953,-1.315918,-0.165666,0.098116,3.246143
1762729764.229042,-1.310173,-0.168489,0.099539,3.254663
1762729764.279073,-1.313051,-0.165132,0.097888,3.245007
1762729764.325071,-1.310567,-0.165723,0.099263,3.230747
1762729764.375542,-1.309280,-0.164287,0.101105,3.245932
1762729764.428302,-1.305015,-0.166279,0.098815,3.248022
1762729764.476115,-1.308167,-0.164058,0.099435,3.249086
1762729764.523970,-1.305897,-0.162403,0.097134,3.254019
1762729764.574156,-1.299320,-0.164422,0.097548,3.254860
1762729764.625152,-1.295418,-0.160724,0.097943,3.247490
1762729764.679025,-1.296163,-0.157678,0.099405,3.253020
1762729764.729044,-1.287196,-0.160532,0.099090,3.245490
1762729764.779084,-1.281166,-0.151324,0.101751,3.242203
1762729764.824698,-1.268105,-0.151352,0.101704,3.247577
1762729764.874249,-1.258039,-0.151734,0.101057,3.249574
1762729764.924863,-1.242092,-0.150501,0.097060,3.257615
1762729764.979013,-1.233456,-0.146426,0.099946,3.248858
1762729765.024487,-1.216624,-0.140485,0.097125,3.250027
1762729765.074318,-1.210638,-0.138402,0.098673,3.259956
1762729765.124718,-1.189226,-0.136245,0.101159,3.249008
1762729765.175258,-1.177131,-0.136320,0.099089,3.250537
1762729765.223931,-1.155440,-0.134044,0.099599,3.245404
1762729765.273982,-1.144570,-0.131952,0.098500,3.258774
1762729765.324893,-1.121561,-0.131467,0.096136,3.252735
1762729765.373971,-1.113971,-0.124374,0.098425,3.256502
1762729765.424217,-1.105892,-0.123199,0.098185,3.234870
1762729765.474078,-1.084723,-0.117537,0.099038,3.263848
1762729765.524018,-1.068239,-0.120159,0.098607,3.241446
1762729765.574174,-1.059391,-0.114213,0.096714,3.252055
1762729765.623968,-1.049679,-0.110917,0.098326,3.244946
1762729765.674097,-1.035801,-0.108031,0.099071,3.246181
1762729765.724751,-1.022300,-0.106745,0.098089,3.252722
1762729765.774058,-1.010111,-0.100417,0.097260,3.244657
1762729765.824576,-0.995420,-0.091610,0.100104,3.254979
1762729765.875286,-0.987811,-0.089520,0.097702,3.243651
1762729765.925945,-0.977120,-0.087393,0.097247,3.251501
1762729765.975009,-0.963080,-0.076083,0.098015,3.246017
1762729766.029023,-0.951518,-0.070207,0.097253,3.256645
1762729766.074232,-0.932426,-0.061191,0.098273,3.251524
1762729766.124036,-0.918613,-0.056867,0.100841,3.239184
1762729766.174164,-0.909895,-0.048124,0.098292,3.247464
1762729766.226876,-0.896310,-0.045747,0.097326,3.245004
1762729766.274607,-0.872465,-0.035489,0.097335,3.246225
1762729766.324139,-0.863493,-0.030483,0.096945,3.242855
1762729766.374037,-0.852027,-0.026525,0.096522,3.250786
1762729766.423955,-0.839178,-0.024395,0.098324,3.235821
1762729766.474482,-0.817813,-0.020223,0.102108,3.254276
1762729766.524756,-0.810973,-0.020183,0.097354,3.240224
1762729766.574222,-0.810973,-0.020183,0.099059,3.238782
1762729766.624126,-0.810973,-0.020183,0.098189,3.247231
1762729766.674355,-0.779244,-0.015342,0.098556,3.249363
1762729766.723989,-0.776476,-0.015416,0.098635,3.255741
1762729766.774192,-0.771923,-0.013608,0.097697,3.242534
1762729766.826499,-0.766814,-0.011625,0.099151,3.243832
1762729766.874141,-0.764798,-0.010894,0.098338,3.237173
1762729766.924114,-0.762462,-0.011518,0.101442,3.243417
1762729766.973961,-0.767646,-0.008606,0.100781,3.236817
1762729767.023986,-0.766879,-0.010175,0.099562,3.248161
1762729767.077131,-0.772804,-0.009320,0.100321,3.245530
1762729767.123983,-0.773903,-0.013398,0.098890,3.251976
1762729767.176342,-0.776347,-0.017963,0.095837,3.231174
1762729767.224003,-0.788283,-0.016278,0.100196,3.245519
1762729767.274891,-0.788946,-0.022220,0.099986,3.238938
1762729767.324205,-0.793928,-0.020912,0.101275,3.253099
1762729767.374042,-0.806088,-0.021837,0.099516,3.245517
1762729767.424627,-0.808629,-0.025193,0.102056,3.241460
1762729767.477645,-0.816317,-0.024888,0.101760,3.241062
1762729767.525145,-0.816317,-0.024888,0.099540,3.249092
1762729767.575793,-0.837077,-0.028738,0.100414,3.248848
1762729767.623957,-0.852212,-0.031998,0.096895,3.246765
1762729767.674023,-0.860689,-0.032149,0.101449,3.239599
1762729767.724117,-0.877064,-0.035430,0.098782,3.242050
1762729767.775828,-0.885643,-0.033041,0.098399,3.239667
1762729767.823921,-0.889894,-0.034551,0.100000,3.241662
1762729767.873927,-0.908091,-0.032927,0.099385,3.234567
1762729767.924071,-0.925147,-0.030094,0.095758,3.250712
1762729767.974031,-0.948171,-0.023562,0.101445,3.246272
1762729768.025744,-0.967840,-0.017696,0.097579,3.262354
1762729768.076206,-0.980765,-0.010742,0.100394,3.240951
1762729768.125124,-0.993706,-0.009527,0.096133,3.254025
1762729768.177841,-1.006243,-0.001527,0.096827,3.257705
1762729768.225158,-1.016962,0.005205,0.097686,3.251675
1762729768.273971,-1.030807,0.019237,0.099964,3.246969
1762729768.324848,-1.031448,0.019611,0.097519,3.260787
1762729768.376144,-1.039998,0.031357,0.100882,3.253268
1762729768.424172,-1.041931,0.040688,0.100375,3.253178
1762729768.474688,-1.045268,0.061759,0.101215,3.247502
1762729768.524426,-1.035517,0.070713,0.099189,3.257739
1762729768.576135,-1.036008,0.081153,0.098266,3.253737
1762729768.625654,-1.034031,0.089456,0.101933,3.246535
1762729768.674081,-1.032573,0.106021,0.098765,3.251221
1762729768.723962,-1.023192,0.109736,0.099808,3.250925
1762729768.774129,-1.017601,0.121200,0.099801,3.259612
1762729768.828981,-1.019400,0.132007,0.097406,3.265945
1762729768.874775,-1.013967,0.144311,0.098718,3.264061
1762729768.924033,-1.013915,0.164894,0.095999,3.258500
1762729768.975047,-1.009202,0.171832,0.096387,3.251498
1762729769.026153,-1.003561,0.176919,0.100487,3.246918
1762729769.074737,-0.998267,0.193858,0.098684,3.254815
1762729769.127807,-0.996174,0.203056,0.098775,3.257219
1762729769.174182,-0.996889,0.218826,0.097638,3.253912
1762729769.226010,-0.998202,0.231114,0.097326,3.252397
1762729769.274539,-0.998979,0.238600,0.097559,3.251362
1762729769.324385,-0.996567,0.243728,0.097686,3.256183
1762729769.376998,-0.996567,0.243728,0.098435,3.257205
1762729769.425379,-0.991453,0.257241,0.097022,3.258877
1762729769.478042,-0.990062,0.262221,0.097955,3.244866
1762729769.527446,-0.994037,0.275172,0.098438,3.253226
1762729769.578939,-0.992385,0.278026,0.099657,3.253490
1762729769.624059,-0.991108,0.287060,0.098113,3.258099
1762729769.674781,-0.994097,0.297646,0.098355,3.255415
1762729769.724647,-0.994173,0.305291,0.102227,3.246633
1762729769.776338,-0.994173,0.305291,0.098095,3.262989
1762729769.824908,-0.992245,0.319901,0.099717,3.248218
1762729769.874268,-0.998612,0.332513,0.096700,3.248166
1762729769.924224,-0.998612,0.332513,0.100144,3.259613
1762729769.973975,-1.005150,0.363513,0.096135,3.259077
1762729770.024550,-1.011120,0.376408,0.096642,3.263021
1762729770.076261,-1.007320,0.378062,0.097110,3.258686
1762729770.124239,-1.018029,0.398331,0.099388,3.254583
1762729770.175812,-1.026059,0.417803,0.095829,3.252375
1762729770.226932,-1.028887,0.438695,0.098034,3.249190
1762729770.274898,-1.037541,0.457634,0.098385,3.249267
1762729770.323953,-1.039529,0.473552,0.100719,3.262481
1762729770.374237,-1.040104,0.483508,0.099803,3.253253
1762729770.424314,-1.051973,0.508483,0.098004,3.255509
1762729770.478083,-1.052201,0.517249,0.097830,3.255877
1762729770.524046,-1.059307,0.544194,0.099851,3.256338
1762729770.574233,-1.057949,0.549171,0.098776,3.252796
1762729770.624022,-1.067031,0.566902,0.094633,3.263513
1762729770.674210,-1.067330,0.580455,0.100107,3.251341
1762729770.724049,-1.069208,0.602824,0.098989,3.266513
1762729770.776196,-1.069045,0.613205,0.101983,3.255630
1762729770.823933,-1.071821,0.637177,0.097874,3.262394
1762729770.874075,-1.072959,0.651085,0.102151,3.250636
1762729770.924196,-1.075836,0.663087,0.101114,3.262675
1762729770.974046,-1.076021,0.688958,0.099256,3.261319
1762729771.024893,-1.074443,0.698349,0.098223,3.254650
1762729771.076288,-1.074443,0.698349,0.097510,3.262675
1762729771.124803,-1.070911,0.723852,0.101148,3.269580
1762729771.174096,-1.068845,0.759653,0.099796,3.250921
1762729771.224241,-1.067099,0.787171,0.098994,3.250911
1762729771.274824,-1.068815,0.841169,0.100319,3.263089
1762729771.324192,-1.054659,0.846929,0.097815,3.258836
1762729771.374205,-1.049143,0.872492,0.099313,3.261546
1762729771.424010,-1.036737,0.889596,0.101262,3.253683
1762729771.476227,-1.045217,0.951542,0.100098,3.248585
1762729771.524101,-1.023312,0.928206,0.098701,3.262413
1762729771.574611,-1.006051,0.936098,0.098085,3.262957
1762729771.625251,-1.005270,0.962631,0.100484,3.259461
1762729771.677168,-0.984596,0.969897,0.101720,3.257777
1762729771.725745,-0.975188,0.976663,0.100393,3.253128
1762729771.774588,-0.956857,0.991456,0.100750,3.255607
1762729771.824573,-0.936990,0.997788,0.097664,3.264346
1762729771.874837,-0.930438,1.012863,0.101046,3.254316
1762729771.926210,-1.103917,1.469462,0.097726,3.264409
1762729771.974173,-0.900173,1.023261,0.099834,3.250877
1762729772.024052,-0.886054,1.019664,0.099123,3.262571
1762729772.074115,-0.876478,1.026930,0.100343,3.251615
1762729772.124088,-0.859896,1.044762,0.101312,3.264646
1762729772.174376,-0.849854,1.047464,0.100405,3.257746
1762729772.226953,-0.841667,1.055125,0.097141,3.253325
1762729772.274884,-0.817490,1.056663,0.097541,3.261626
1762729772.324088,-0.808342,1.066030,0.098978,3.254064
1762729772.374126,-0.781475,1.057059,0.099060,3.251919
1762729772.424046,-0.771437,1.058201,0.094907,3.263138
1762729772.474113,-0.746032,1.061179,0.099057,3.256968
1762729772.524015,-0.721913,1.064697,0.101763,3.252817
1762729772.574028,-0.693060,1.051532,0.099583,3.264160
1762729772.624002,-0.686286,1.058934,0.098326,3.257746
1762729772.674118,-0.671547,1.053432,0.096807,3.252975
1762729772.723999,-0.637919,1.025601,0.098249,3.260147
1762729772.774608,-0.626931,1.030282,0.098885,3.263759
1762729772.824313,-0.614832,1.022103,0.098592,3.257315
1762729772.874067,-0.587336,1.015447,0.099974,3.265230
1762729772.926279,-0.579381,1.029966,0.097156,3.264682
1762729772.976183,-0.566456,1.020674,0.095550,3.267132
1762729773.025788,-0.536124,1.005919,0.097792,3.257039
1762729773.075072,-0.520654,0.999099,0.099404,3.258009
1762729773.124461,-0.494133,0.986180,0.101613,3.252981
1762729773.175015,-0.480470,0.970902,0.096783,3.254449
1762729773.224720,-0.452035,0.956233,0.099367,3.256829
1762729773.273956,-0.427626,0.936975,0.099078,3.263876
1762729773.325313,-0.411260,0.923537,0.100169,3.253979
1762729773.376115,-0.383916,0.904799,0.099065,3.256758
1762729773.424018,-0.366940,0.887925,0.099728,3.254177
1762729773.474198,-0.334725,0.871114,0.101610,3.259573
1762729773.523964,-0.297305,0.830478,0.099519,3.263519
1762729773.574233,-0.292945,0.860752,0.098838,3.262850
1762729773.624012,-0.271406,0.823702,0.098682,3.262963
1762729773.674221,-0.226031,0.801958,0.099420,3.261588
1762729773.728153,-0.226031,0.801958,0.100112,3.259449
1762729773.777056,-0.199986,0.789924,0.097416,3.261946
1762729773.824054,-0.184607,0.778503,0.100423,3.261165
1762729773.874233,-0.184607,0.778503,0.098186,3.269997
1762729773.924030,-0.184607,0.778503,0.098871,3.256655
1762729773.973952,-0.184607,0.778503,0.099942,3.254424
1762729774.024102,-0.125011,0.743564,0.101011,3.261512
1762729774.074283,-0.125011,0.743564,0.099456,3.256243
1762729774.128402,-0.125011,0.743564,0.098236,3.254376
1762729774.175339,-0.125011,0.743564,0.097139,3.260374
1762729774.224020,-0.125011,0.743564,0.098080,3.265839
1762729774.275969,-0.125011,0.743564,0.098611,3.262526
1762729774.324959,-0.125011,0.743564,0.099915,3.262491
1762729774.376040,-0.125011,0.743564,0.098279,3.261015
1762729774.426499,-0.125011,0.743564,0.100727,3.261996
1762729774.474004,-0.125011,0.743564,0.100597,3.266728
1762729774.524149,-0.125011,0.743564,0.098653,3.254004
1762729774.574370,-0.125011,0.743564,0.102228,3.259100
1762729774.624135,-0.125011,0.743564,0.098754,3.256965
1762729774.674079,-0.125011,0.743564,0.099976,3.258192
1762729774.723975,-0.125011,0.743564,0.096803,3.263110
1762729774.774012,-0.125011,0.743564,0.096843,3.252806
1762729774.824085,-0.125011,0.743564,0.097541,3.254108
1762729774.874546,-0.125011,0.743564,0.100044,3.270501
1762729774.925314,-0.125011,0.743564,0.099089,3.262970
1762729774.974143,-0.125011,0.743564,0.098772,3.249090
1762729775.024407,-0.134964,0.823028,0.098136,3.268776
1762729775.075398,-0.134964,0.823028,0.099371,3.256940
1762729775.124525,-0.134964,0.823028,0.097100,3.255831
1762729775.174124,-0.133318,0.787214,0.099239,3.260414
1762729775.224458,-0.133318,0.787214,0.094502,3.260430
1762729775.274620,-0.133318,0.787214,0.096130,3.262916
1762729775.325179,-0.133318,0.787214,0.100131,3.262047
1762729775.377216,-0.153930,0.893886,0.099167,3.253984
1762729775.426016,-0.153930,0.893886,0.096211,3.253598
1762729775.474111,-0.152792,0.896341,0.098590,3.263844
1762729775.523983,-0.152792,0.896341,0.098564,3.258243
1762729775.573974,-0.152792,0.896341,0.098722,3.264751
1762729775.625350,-0.160847,0.929312,0.103412,3.249474
1762729775.674301,-0.184859,1.046633,0.098214,3.256385
1762729775.724394,-0.177222,0.994801,0.099235,3.258586
1762729775.774227,-0.177222,0.994801,0.095927,3.269505
1762729775.824813,-0.175292,0.963481,0.098167,3.261939
1762729775.874458,-0.175292,0.963481,0.096623,3.256445
1762729775.924268,-0.185798,1.032082,0.099972,3.272121
1762729775.976908,-0.185798,1.032082,0.100131,3.268203
1762729776.024903,-0.190570,1.075514,0.099084,3.263074
1762729776.076787,-0.190570,1.075514,0.100106,3.263140
1762729776.125288,-0.191151,1.111437,0.100186,3.257466
1762729776.174790,-0.188617,1.135744,0.100341,3.259271
1762729776.226492,-0.183840,1.141522,0.101126,3.258304
1762729776.274571,-0.182246,1.159084,0.098723,3.257076
1762729776.323957,-0.175056,1.185251,0.097709,3.264034
1762729776.374170,-0.170372,1.193276,0.100287,3.249768
1762729776.424161,-0.170372,1.193276,0.096782,3.266914
1762729776.474606,-0.159295,1.216623,0.098098,3.270819
1762729776.524889,-0.143051,1.235515,0.101037,3.275189
1762729776.574238,-0.137772,1.246171,0.098913,3.264757
1762729776.624593,-0.126972,1.253717,0.097761,3.258238
1762729776.674160,-0.109862,1.274828,0.100252,3.256684
1762729776.725801,-0.093022,1.281495,0.097908,3.262899
1762729776.774083,-0.070312,1.294999,0.098369,3.258486
1762729776.824296,-0.060364,1.303373,0.096976,3.258385
1762729776.874204,-0.040894,1.311367,0.095312,3.265507
1762729776.924131,-0.028176,1.318071,0.099249,3.257133
1762729776.974040,-0.005969,1.318033,0.099474,3.266148
1762729777.024014,-0.001428,1.322047,0.096133,3.264759
1762729777.074112,0.019435,1.325685,0.096471,3.254847
1762729777.124145,0.029806,1.325201,0.098172,3.261384
1762729777.174065,0.050809,1.323547,0.099843,3.263795
1762729777.225937,0.059687,1.323499,0.098968,3.252343
1762729777.274117,0.069896,1.326696,0.097751,3.267534
1762729777.324066,0.090702,1.321982,0.099384,3.258944
1762729777.374262,0.102502,1.313783,0.099507,3.257188
1762729777.424841,0.113688,1.312874,0.099152,3.261104
1762729777.474038,0.134642,1.310674,0.097954,3.253114
1762729777.527880,0.149362,1.305678,0.099127,3.259329
1762729777.575353,0.174914,1.291479,0.098930,3.254561
1762729777.624033,0.184004,1.292622,0.097242,3.253626
1762729777.677767,0.199274,1.282393,0.099852,3.255126
1762729777.725916,0.226132,1.265886,0.102725,3.246809
1762729777.776283,0.236689,1.254963,0.098048,3.263894
1762729777.824057,0.263699,1.240745,0.100445,3.257144
1762729777.874292,0.263699,1.240745,0.096362,3.263350
1762729777.924014,0.287618,1.224222,0.099793,3.261218
1762729777.973975,0.315359,1.180285,0.098151,3.261661
1762729778.026104,0.315359,1.180285,0.099738,3.260743
1762729778.074828,0.342704,1.146689,0.096716,3.265515
1762729778.124058,0.342704,1.146689,0.101122,3.245449
1762729778.174951,0.342704,1.146689,0.100371,3.263941
1762729778.224501,0.342704,1.146689,0.099270,3.261312
1762729778.278293,0.342704,1.146689,0.097366,3.256221
1762729778.324046,0.342704,1.146689,0.097758,3.275633
1762729778.374251,0.342704,1.146689,0.097437,3.259292
1762729778.424783,0.342704,1.146689,0.100862,3.256741
1762729778.474129,0.342704,1.146689,0.099347,3.260663
1762729778.525034,0.342704,1.146689,0.098885,3.253758
1762729778.574024,0.342704,1.146689,0.100708,3.266568
1762729778.623964,0.342704,1.146689,0.094412,3.264332
1762729778.677875,0.342704,1.146689,0.099512,3.252678
1762729778.724113,0.342704,1.146689,0.098809,3.262552
1762729778.775284,0.342704,1.146689,0.097049,3.260083
1762729778.824694,0.342704,1.146689,0.099290,3.261819
1762729778.875078,0.342704,1.146689,0.099571,3.253863
1762729778.926905,0.342704,1.146689,0.099104,3.257689
1762729778.974777,0.342704,1.146689,0.101969,3.257438
1762729779.025281,0.342704,1.146689,0.099977,3.259189
1762729779.074792,0.342704,1.146689,0.101752,3.260766
1762729779.124428,0.342704,1.146689,0.096550,3.257802
1762729779.174031,0.342704,1.146689,0.098893,3.250738
1762729779.225322,0.342704,1.146689,0.097693,3.263672
1762729779.274020,0.342704,1.146689,0.097206,3.264243
1762729779.326229,0.342704,1.146689,0.098835,3.259028
1762729779.374219,0.342704,1.146689,0.095925,3.259763
1762729779.424292,0.342704,1.146689,0.101148,3.260341
1762729779.474911,0.342704,1.146689,0.100248,3.257929
1762729779.526364,0.342704,1.146689,0.098373,3.266834
1762729779.574252,0.342704,1.146689,0.099921,3.260521
1762729779.624406,0.342704,1.146689,0.100043,3.258350
1762729779.674019,0.342704,1.146689,0.099441,3.261919
1762729779.727117,0.342704,1.146689,0.097382,3.254357
1762729779.774209,0.342704,1.146689,0.098400,3.265976
1762729779.825115,0.342704,1.146689,0.099473,3.256436
1762729779.874416,0.342704,1.146689,0.099993,3.257302
1762729779.928537,0.342704,1.146689,0.098413,3.263020
1762729779.974051,0.342704,1.146689,0.094949,3.253531
1762729780.024751,0.342704,1.146689,0.098411,3.259065
1762729780.075887,0.342704,1.146689,0.098084,3.257916
1762729780.123958,0.342704,1.146689,0.101079,3.261234
1762729780.175342,0.342704,1.146689,0.098335,3.261559
1762729780.226281,0.342704,1.146689,0.098711,3.254949
1762729780.274437,0.342704,1.146689,0.099332,3.261896
1762729780.323981,0.342704,1.146689,0.097536,3.267498
1762729780.376214,0.342704,1.146689,0.096099,3.252847
1762729780.425258,0.342704,1.146689,0.099192,3.256432
1762729780.477813,0.342704,1.146689,0.101541,3.255749
1762729780.525140,0.342704,1.146689,0.096316,3.256381
1762729780.574182,0.342704,1.146689,0.099655,3.255779
1762729780.624204,0.342704,1.146689,0.098079,3.270665
1762729780.674021,0.342704,1.146689,0.100948,3.255272
1762729780.724004,0.342704,1.146689,0.098026,3.258491
1762729780.774491,0.342704,1.146689,0.101178,3.263505
1762729780.823998,0.342704,1.146689,0.099451,3.261534
1762729780.874322,0.342704,1.146689,0.098024,3.260891
1762729780.923965,0.342704,1.146689,0.096615,3.263461
1762729780.974387,0.342704,1.146689,0.097800,3.262746
1762729781.024545,0.342704,1.146689,0.100887,3.258610
1762729781.074743,0.342704,1.146689,0.097947,3.268406
1762729781.124542,0.342704,1.146689,0.100101,3.265231
1762729781.178742,0.342704,1.146689,0.098905,3.252916
1762729781.225339,0.342704,1.146689,0.099379,3.253893
1762729781.274887,0.342704,1.146689,0.097652,3.261709
1762729781.326434,0.342704,1.146689,0.097173,3.263410
1762729781.373996,0.342704,1.146689,0.099766,3.268412
1762729781.424468,0.342704,1.146689,0.098087,3.250738
1762729781.476832,0.342704,1.146689,0.101524,3.259085
1762729781.526556,0.342704,1.146689,0.102814,3.262062
1762729781.575791,0.342704,1.146689,0.100717,3.261021
1762729781.623956,0.342704,1.146689,0.098923,3.264622
1762729781.675244,0.342704,1.146689,0.101130,3.256075
1762729781.727205,0.342704,1.146689,0.101040,3.255222
1762729781.774608,0.342704,1.146689,0.098777,3.253678
1762729781.826174,0.342704,1.146689,0.099331,3.257559
1762729781.874640,0.342704,1.146689,0.099540,3.260504
1762729781.924053,0.342704,1.146689,0.097267,3.266460
1762729781.975211,0.342704,1.146689,0.097826,3.252172
1762729782.026174,0.342704,1.146689,0.096789,3.275580
1762729782.074817,0.342704,1.146689,0.098148,3.251943
1762729782.126392,0.342704,1.146689,0.100853,3.259276
1762729782.175428,0.342704,1.146689,0.100605,3.258106
1762729782.225201,0.342704,1.146689,0.094713,3.266052
1762729782.274027,0.342704,1.146689,0.095186,3.259666
1762729782.324415,0.342704,1.146689,0.095064,3.268898
1762729782.374330,0.342704,1.146689,0.097875,3.258323
1762729782.424184,0.342704,1.146689,0.097891,3.259148
1762729782.474883,0.342704,1.146689,0.097329,3.261473
1762729782.524208,0.342704,1.146689,0.100840,3.267256
1762729782.574144,0.342704,1.146689,0.100499,3.253908
1762729782.624905,0.342704,1.146689,0.101237,3.251699
1762729782.674866,0.342704,1.146689,0.098751,3.260196
1762729782.726395,0.342704,1.146689,0.099532,3.266968
1762729782.775124,0.342704,1.146689,0.098130,3.259936
1762729782.825813,0.342704,1.146689,0.100753,3.256255
1762729782.874485,0.342704,1.146689,0.097376,3.253672
1762729782.925189,0.342704,1.146689,0.099202,3.267019
1762729782.974041,0.342704,1.146689,0.097868,3.266148
1762729783.024135,0.527222,1.552706,0.099659,3.261920
1762729783.076913,0.527222,1.552706,0.097487,3.255287
1762729783.125543,0.480588,1.487086,0.100830,3.262227
1762729783.174038,0.472015,1.517325,0.098504,3.274975
1762729783.225106,0.453942,1.528609,0.098275,3.262841
1762729783.274098,0.443234,1.561829,0.095798,3.262822
1762729783.324110,0.440838,1.583028,0.098896,3.258618
1762729783.374064,0.435423,1.598486,0.098780,3.259453
1762729783.426519,0.433644,1.609688,0.096573,3.259847
1762729783.474904,0.438036,1.627905,0.100517,3.260593
1762729783.524895,0.439206,1.628017,0.097399,3.260410
1762729783.574832,0.439206,1.628017,0.098401,3.265548
1762729783.624944,0.439206,1.628017,0.099454,3.262704
1762729783.674278,0.439206,1.628017,0.102271,3.263560
1762729783.725914,0.439206,1.628017,0.101852,3.266699
1762729783.774036,0.455922,1.647030,0.097765,3.262223
1762729783.825324,0.459872,1.673215,0.097815,3.256516
1762729783.874860,0.461885,1.664114,0.098893,3.256712
1762729783.925384,0.465601,1.673713,0.097013,3.266878
1762729783.975429,0.470745,1.676782,0.098299,3.263703
1762729784.025403,0.472479,1.666375,0.095633,3.262688
1762729784.074758,0.478142,1.657118,0.101889,3.258739
1762729784.124999,0.479181,1.677566,0.098269,3.273053
1762729784.175385,0.480606,1.673814,0.098200,3.271368
1762729784.224365,0.483768,1.646803,0.100373,3.267989
1762729784.276806,0.483079,1.659153,0.096776,3.259114
1762729784.324897,0.485270,1.657657,0.100628,3.264665
1762729784.377903,0.482478,1.645744,0.098865,3.262596
1762729784.424211,0.481305,1.648389,0.098358,3.264399
1762729784.474883,0.481131,1.654908,0.098998,3.257754
1762729784.526527,0.479652,1.657441,0.097371,3.261568
1762729784.574900,0.481523,1.663905,0.100023,3.260847
1762729784.624504,0.480525,1.678255,0.099223,3.269425
1762729784.674418,0.479694,1.677234,0.099221,3.267158
1762729784.728254,0.475936,1.660131,0.097404,3.257654
1762729784.775575,0.473362,1.677533,0.098016,3.257701
1762729784.827892,0.473279,1.676209,0.100047,3.257529
1762729784.874236,0.467785,1.670476,0.099330,3.260740
1762729784.924794,0.460734,1.654731,0.097624,3.265064
1762729784.974308,0.458783,1.675611,0.097448,3.266442
1762729785.030588,0.454973,1.642409,0.100328,3.252208
1762729785.074013,0.445816,1.662346,0.098006,3.266948
1762729785.125038,0.440338,1.651471,0.098086,3.267888
1762729785.174211,0.436977,1.655526,0.100544,3.259585
1762729785.227365,0.431067,1.644027,0.100580,3.260600
1762729785.276805,0.426569,1.654860,0.100063,3.264138
1762729785.327753,0.415098,1.651848,0.099014,3.260638
1762729785.375906,0.407779,1.653798,0.099635,3.257597
1762729785.424930,0.384140,1.652867,0.098848,3.260181
1762729785.476342,0.384140,1.652867,0.098541,3.266128
1762729785.527736,0.384140,1.652867,0.098016,3.259948
1762729785.574883,0.336671,1.679693,0.095824,3.259902
1762729785.624416,0.330304,1.708513,0.101579,3.262766
1762729785.674498,0.330304,1.708513,0.096737,3.255170
1762729785.724799,0.294422,1.766345,0.098040,3.264644
1762729785.775238,0.294422,1.766345,0.097397,3.257793
1762729785.824208,0.265680,1.770693,0.098662,3.258043
1762729785.874845,0.265680,1.770693,0.098650,3.257922
1762729785.925243,0.242574,1.766204,0.100878,3.261231
1762729785.974299,0.242574,1.766204,0.098580,3.266438
1762729786.024425,0.242574,1.766204,0.097403,3.256700
1762729786.075119,0.223428,1.778062,0.098940,3.262900
1762729786.124426,0.223428,1.778062,0.098940,3.262900
1762729786.175094,0.223428,1.778062,0.098940,3.262900
1762729786.224575,0.204864,1.776505,0.098940,3.262900
1762729786.274950,0.204864,1.776505,0.098940,3.262900
1762729786.325065,0.204864,1.776505,0.098940,3.262900
1762729786.374837,0.204864,1.776505,0.098940,3.262900
1762729786.426087,0.184096,1.793679,0.100654,3.254927
1762729786.479244,0.184096,1.793679,0.100654,3.254927
1762729786.527343,0.184096,1.793679,0.100654,3.254927
1762729786.574183,0.184096,1.793679,0.100654,3.254927
1762729786.625839,0.184096,1.793679,0.100654,3.254927
1762729786.675167,0.184096,1.793679,0.100654,3.254927
1762729786.724569,0.144804,1.796718,0.100654,3.254927
1762729786.779117,0.136863,1.806462,0.100654,3.254927
1762729786.824403,0.126457,1.802837,0.100654,3.254927
1762729786.874215,0.126457,1.802837,0.100654,3.254927
1762729786.926076,0.112375,1.798402,0.100654,3.254927
1762729786.975145,0.098626,1.797480,0.100654,3.254927
1762729787.026617,0.094096,1.803434,0.100654,3.254927
1762729787.075379,0.077141,1.795359,0.100654,3.254927
1762729787.127972,0.073891,1.793044,0.100654,3.254927
1762729787.175330,0.067278,1.782557,0.099504,3.190649
1762729787.226169,-0.010713,2.760540,0.099504,3.190649
1762729787.275008,0.042289,1.801776,0.096491,3.260770
1762729787.325055,0.021720,1.797470,0.097156,3.270417
1762729787.376273,0.015725,1.794503,0.100335,3.260394
1762729787.424090,0.015725,1.794503,0.097716,3.258891
1762729787.477751,0.015725,1.794503,0.095308,3.258792
1762729787.525645,0.015725,1.794503,0.095272,3.260460
1762729787.576880,0.015725,1.794503,0.097913,3.259462
1762729787.624063,0.015725,1.794503,0.096627,3.255078
1762729787.677043,0.015725,1.794503,0.098718,3.267196
1762729787.724388,-0.079358,1.761074,0.098665,3.261151
1762729787.776094,-0.087177,1.758468,0.096980,3.255189
1762729787.825277,-0.100005,1.741186,0.100203,3.267190
1762729787.876490,-0.109244,1.740122,0.097874,3.267358
1762729787.924002,-0.124980,1.738190,0.098608,3.259944
1762729787.977204,-0.124980,1.738190,0.099188,3.265853
1762729788.024063,-0.124980,1.738190,0.099908,3.261874
1762729788.074894,-0.161469,1.738659,0.099436,3.245631
1762729788.124903,-0.169859,1.688541,0.099696,3.265419
1762729788.175099,-0.169859,1.688541,0.099468,3.256885
1762729788.225061,-0.187526,1.671587,0.098466,3.260369
1762729788.276005,-0.187526,1.671587,0.099671,3.253100
1762729788.329119,-0.214717,1.668691,0.099670,3.251575
1762729788.377970,-0.225660,1.678217,0.097297,3.262082
1762729788.424826,-0.253222,1.665338,0.098074,3.260416
1762729788.476874,-0.262187,1.656238,0.095150,3.260625
1762729788.525318,-0.262187,1.656238,0.101766,3.260277
1762729788.578955,-0.285223,1.632453,0.099685,3.258204
1762729788.625481,-0.305051,1.634365,0.099412,3.254694
1762729788.675350,-0.305051,1.634365,0.100174,3.261657
1762729788.724060,-0.322040,1.629145,0.099236,3.256893
1762729788.775796,-0.322040,1.629145,0.099327,3.248670
1762729788.824214,-0.361025,1.608210,0.096915,3.263893
1762729788.876847,-0.361025,1.608210,0.098414,3.260598
1762729788.924588,-0.361025,1.608210,0.099495,3.258408
1762729788.975272,-0.398269,1.595909,0.099885,3.259395
1762729789.026528,-0.409681,1.592693,0.099360,3.255255
1762729789.074363,-0.409681,1.592693,0.100280,3.254990
1762729789.124842,-0.451665,1.582976,0.099349,3.260217
1762729789.174035,-0.476467,1.580851,0.098788,3.251675
1762729789.224266,-0.489267,1.585216,0.099029,3.257452
1762729789.274013,-0.511862,1.580255,0.098541,3.264662
1762729789.325100,-0.511862,1.580255,0.098843,3.265665
1762729789.374016,-0.550784,1.587398,0.098298,3.260500
1762729789.426929,-0.550784,1.587398,0.097823,3.258624
1762729789.476223,-0.587295,1.593984,0.097578,3.265207
1762729789.524852,-0.598595,1.592881,0.100987,3.258385
1762729789.574216,-0.635883,1.588512,0.098395,3.269096
1762729789.624852,-0.654047,1.612401,0.097961,3.267715
1762729789.676425,-0.677558,1.609727,0.099142,3.261748
1762729789.725521,-0.705029,1.622893,0.098770,3.252399
1762729789.774541,-0.724721,1.607187,0.100786,3.257287
1762729789.828817,-0.743008,1.633706,0.099202,3.256831
1762729789.874938,-0.743008,1.633706,0.099871,3.256659
1762729789.924064,-0.782022,1.620395,0.099993,3.271880
1762729789.974882,-0.796227,1.629283,0.097110,3.290405
1762729790.026535,-0.796227,1.629283,0.095063,3.307293
1762729790.077322,-0.831354,1.609058,0.096882,3.295689
1762729790.126253,-0.854551,1.654654,0.096882,3.295689
1762729790.175197,-0.877775,1.627100,0.096882,3.295689
1762729790.227822,-0.890651,1.640048,0.096882,3.295689
1762729790.274974,-0.908914,1.639144,0.096882,3.295689
1762729790.324099,-0.985656,1.824684,0.099149,3.245833
1762729790.374900,-0.985656,1.824684,0.100440,3.269149
1762729790.424009,-0.961635,1.669675,0.096356,3.261299
1762729790.476856,-0.967042,1.659682,0.097849,3.258853
1762729790.524334,-0.967042,1.659682,0.101065,3.265283
1762729790.578015,-0.967042,1.659682,0.096658,3.251326
1762729790.624964,-0.967042,1.659682,0.098009,3.250326
1762729790.675554,-0.967042,1.659682,0.098877,3.263119
1762729790.726859,-0.967042,1.659682,0.100409,3.253624
1762729790.774028,-1.065653,1.691458,0.098442,3.270280
1762729790.824232,-1.113314,1.767512,0.100607,3.258187
1762729790.874107,-1.113314,1.767512,0.098727,3.262911
1762729790.924629,-1.113314,1.767512,0.098659,3.264986
1762729790.977912,-1.113314,1.767512,0.098411,3.263139
1762729791.024036,-1.113314,1.767512,0.098246,3.255524
1762729791.075817,-1.113314,1.767512,0.099094,3.247167
1762729791.125091,-1.113314,1.767512,0.099087,3.246606
1762729791.174086,-1.113314,1.767512,0.098317,3.258077
1762729791.225258,-1.113314,1.767512,0.099656,3.250067
1762729791.279442,-1.113314,1.767512,0.099618,3.253325
1762729791.324111,-1.113314,1.767512,0.099557,3.263496
1762729791.375898,-1.113314,1.767512,0.101360,3.265337
1762729791.424338,-1.113314,1.767512,0.101475,3.261499
1762729791.475225,-1.113314,1.767512,0.098669,3.250126
1762729791.526481,-1.113314,1.767512,0.100344,3.259061
1762729791.574052,-1.113314,1.767512,0.100135,3.253219
1762729791.626865,-1.113314,1.767512,0.097902,3.261372
1762729791.675034,-1.113314,1.767512,0.102186,3.245089
1762729791.725314,-1.113314,1.767512,0.100201,3.243077
1762729791.774100,-1.113314,1.767512,0.099364,3.258211
1762729791.824109,-1.113314,1.767512,0.097498,3.250733
1762729791.877071,-1.113314,1.767512,0.100904,3.251905
1762729791.924163,-1.113314,1.767512,0.101023,3.248517
1762729791.976435,-1.113314,1.767512,0.097319,3.253929
1762729792.026896,-1.113314,1.767512,0.101336,3.246843
1762729792.075536,-1.113314,1.767512,0.100396,3.251605
1762729792.125833,-1.113314,1.767512,0.101089,3.239837
1762729792.175705,-1.113314,1.767512,0.100732,3.240374
1762729792.224555,-1.113314,1.767512,0.098420,3.251425
1762729792.274510,-1.113314,1.767512,0.098551,3.259229
1762729792.325743,-1.113314,1.767512,0.100446,3.249124
1762729792.376617,-1.113314,1.767512,0.098105,3.240802
1762729792.426528,-1.113314,1.767512,0.099960,3.244499
1762729792.476832,-1.113314,1.767512,0.100242,3.239415
1762729792.525055,-1.113314,1.767512,0.099640,3.244359
1762729792.574037,-1.113314,1.767512,0.102430,3.234499
1762729792.627478,-1.113314,1.767512,0.100139,3.242078
1762729792.674569,-1.113314,1.767512,0.097516,3.242384
1762729792.724436,-1.113314,1.767512,0.102246,3.251656
1762729792.777694,-1.113314,1.767512,0.099654,3.239161
1762729792.824151,-1.113314,1.767512,0.099583,3.245506
1762729792.875190,-1.113314,1.767512,0.101653,3.242915
1762729792.925190,-1.113314,1.767512,0.099551,3.235436
1762729792.974845,-1.113314,1.767512,0.103031,3.240523
1762729793.026814,-1.113314,1.767512,0.101297,3.233290
1762729793.076724,-1.113314,1.767512,0.100885,3.242360
1762729793.125895,-1.113314,1.767512,0.099406,3.239906
1762729793.177892,-1.113314,1.767512,0.096317,3.249650
1762729793.224094,-1.113314,1.767512,0.099324,3.242661
1762729793.276602,-1.113314,1.767512,0.098154,3.235938
1762729793.325102,-1.113314,1.767512,0.100079,3.234668
1762729793.379149,-1.113314,1.767512,0.101014,3.233534
1762729793.425170,-1.113314,1.767512,0.098668,3.225962
1762729793.476477,-1.113314,1.767512,0.100949,3.238846
1762729793.525204,-1.113314,1.767512,0.098802,3.247317
1762729793.574641,-1.113314,1.767512,0.100764,3.247585
1762729793.625099,-1.113314,1.767512,0.101881,3.238992
1762729793.674104,-1.113314,1.767512,0.097865,3.239800
1762729793.725917,-1.113314,1.767512,0.097670,3.229680
1762729793.774877,-1.113314,1.767512,0.098307,3.241597
1762729793.824272,-1.113314,1.767512,0.099327,3.239593
1762729793.874146,-1.113314,1.767512,0.100400,3.246555
1762729793.925601,-1.113314,1.767512,0.100698,3.244821
1762729793.974214,-1.113314,1.767512,0.101703,3.241435
1762729794.024438,-1.113314,1.767512,0.098538,3.246710
1762729794.076109,-1.113314,1.767512,0.099823,3.236417
1762729794.129146,-1.113314,1.767512,0.098451,3.249528
1762729794.174776,-1.113314,1.767512,0.096703,3.241958
1762729794.226489,-1.113314,1.767512,0.097222,3.253454
1762729794.276498,-1.113314,1.767512,0.100883,3.248361
1762729794.325052,-1.113314,1.767512,0.099994,3.244990
1762729794.374489,-1.113314,1.767512,0.099951,3.236329
1762729794.425873,-1.113314,1.767512,0.099788,3.242446
1762729794.475209,-1.113314,1.767512,0.100644,3.242991
1762729794.526535,-1.113314,1.767512,0.099079,3.246476
1762729794.574848,-1.113314,1.767512,0.098579,3.252324
1762729794.625609,-1.113314,1.767512,0.098835,3.245394
1762729794.677031,-1.113314,1.767512,0.096512,3.250087
1762729794.724758,-1.113314,1.767512,0.099963,3.253947
1762729794.775352,-1.113314,1.767512,0.100887,3.258089
1762729794.826539,-1.113314,1.767512,0.098560,3.256188
1762729794.874957,-1.113314,1.767512,0.099340,3.245821
1762729794.929269,-1.113314,1.767512,0.101079,3.246109
1762729794.976100,-1.113314,1.767512,0.099011,3.241654
1762729795.024391,-1.113314,1.767512,0.096994,3.248621
1762729795.074477,-1.113314,1.767512,0.100383,3.242616
1762729795.124125,-1.113314,1.767512,0.100072,3.253402
1762729795.174464,-1.113314,1.767512,0.100381,3.241928
1762729795.224976,-1.113314,1.767512,0.097068,3.248776
1762729795.274163,-1.113314,1.767512,0.099166,3.244389
1762729795.325317,-1.113314,1.767512,0.098455,3.248267
1762729795.374006,-1.113314,1.767512,0.098203,3.254870
1762729795.424640,-1.113314,1.767512,0.095260,3.254324
1762729795.474412,-1.113314,1.767512,0.104186,3.246299
1762729795.527511,-1.113314,1.767512,0.100784,3.254018
1762729795.574270,-1.113314,1.767512,0.099745,3.248099
1762729795.624002,-1.113314,1.767512,0.097073,3.258908
1762729795.674433,-1.113314,1.767512,0.098887,3.263969
1762729795.725788,-1.113314,1.767512,0.097708,3.252057
1762729795.774237,-1.113314,1.767512,0.098672,3.257138
1762729795.824301,-1.113314,1.767512,0.100066,3.256357
1762729795.874049,-1.113314,1.767512,0.097241,3.255250
1762729795.924501,-1.113314,1.767512,0.097543,3.262249
1762729795.974223,-1.113314,1.767512,0.100246,3.255908
1762729796.026468,-1.113314,1.767512,0.100759,3.259049
1762729796.074313,-1.113314,1.767512,0.098803,3.265230
1762729796.124599,-1.113314,1.767512,0.097739,3.253165
1762729796.177068,-1.113314,1.767512,0.098245,3.248467
1762729796.224376,-1.113314,1.767512,0.100543,3.256740
1762729796.274887,-1.113314,1.767512,0.097446,3.243542
1762729796.324197,-1.113314,1.767512,0.098502,3.259158
1762729796.375068,-1.113314,1.767512,0.099474,3.263099
1762729796.424200,-1.113314,1.767512,0.097294,3.251041
1762729796.475579,-1.113314,1.767512,0.099733,3.254781
1762729796.525016,-1.113314,1.767512,0.102546,3.249120
1762729796.574521,-1.113314,1.767512,0.098093,3.256129
1762729796.624821,-1.113314,1.767512,0.097902,3.257550
1762729796.674369,-1.113314,1.767512,0.099154,3.255844
1762729796.726068,-1.113314,1.767512,0.097982,3.257882
1762729796.776646,-1.113314,1.767512,0.098979,3.257135
1762729796.825866,-1.113314,1.767512,0.099024,3.262289
1762729796.876012,-1.113314,1.767512,0.100443,3.250339
1762729796.929337,-1.113314,1.767512,0.098685,3.257197
1762729796.974464,-1.113314,1.767512,0.098811,3.255350
1762729797.025638,-1.113314,1.767512,0.099242,3.257753
1762729797.074835,-1.113314,1.767512,0.100383,3.255900
1762729797.124426,-1.113314,1.767512,0.099730,3.255539
1762729797.174314,-1.113314,1.767512,0.099064,3.260393
1762729797.224926,-1.113314,1.767512,0.099054,3.258304
1762729797.275150,-1.113314,1.767512,0.096729,3.269336
1762729797.327351,-1.113314,1.767512,0.100949,3.260204
1762729797.377315,-1.113314,1.767512,0.097808,3.260968
1762729797.424172,-1.113314,1.767512,0.097000,3.260755
1762729797.474284,-1.113314,1.767512,0.099799,3.258369
1762729797.526558,-1.113314,1.767512,0.096504,3.268152
1762729797.576580,-1.113314,1.767512,0.099917,3.251583
1762729797.626847,-1.113314,1.767512,0.099460,3.253564
1762729797.674328,-1.113314,1.767512,0.097917,3.258221
1762729797.724412,-1.113314,1.767512,0.097338,3.259851
1762729797.774558,-1.113314,1.767512,0.102571,3.253476
1762729797.829483,-1.113314,1.767512,0.096441,3.262860
1762729797.874925,-1.113314,1.767512,0.100751,3.251416
1762729797.924272,-1.113314,1.767512,0.100037,3.262701
1762729797.974892,-1.113314,1.767512,0.098800,3.263550
1762729798.025953,-1.113314,1.767512,0.096204,3.253060
1762729798.075114,-1.113314,1.767512,0.100381,3.261061
1762729798.124419,-1.113314,1.767512,0.096464,3.266394
1762729798.174571,-1.113314,1.767512,0.101659,3.252549
1762729798.226417,-1.113314,1.767512,0.100148,3.262596
1762729798.276314,-1.113314,1.767512,0.098117,3.248581
1762729798.324531,-1.113314,1.767512,0.101511,3.249846
1762729798.375895,-1.113314,1.767512,0.098703,3.262411
1762729798.424501,-1.113314,1.767512,0.101187,3.257607
1762729798.478357,-1.113314,1.767512,0.099454,3.253053
1762729798.525199,-1.113314,1.767512,0.102336,3.247149
1762729798.574332,-1.113314,1.767512,0.097809,3.259431
1762729798.627782,-1.113314,1.767512,0.101585,3.252677
1762729798.674009,-1.113314,1.767512,0.098550,3.254770
1762729798.724150,-1.113314,1.767512,0.097622,3.255173
1762729798.775884,-1.113314,1.767512,0.098949,3.263780
1762729798.827248,-1.113314,1.767512,0.098412,3.257420
1762729798.876637,-1.113314,1.767512,0.099205,3.259213
1762729798.924931,-1.113314,1.767512,0.098630,3.258206
1762729798.977048,-1.113314,1.767512,0.098630,3.258206
1762729799.026562,-1.113314,1.767512,0.098630,3.258206
1762729799.074456,-1.113314,1.767512,0.098630,3.258206
1762729799.124005,-1.113314,1.767512,0.098630,3.258206
1762729799.177173,-1.113314,1.767512,0.098630,3.258206
1762729799.224100,-1.113314,1.767512,0.098630,3.258206
1762729799.274398,-1.113314,1.767512,0.098630,3.258206
1762729799.325067,-1.113314,1.767512,0.098630,3.258206
1762729799.376496,-1.113314,1.767512,0.098630,3.258206
1762729799.424029,-1.113314,1.767512,0.098630,3.258206
1762729799.474120,-1.113314,1.767512,0.098630,3.258206
1762729799.525936,-1.113314,1.767512,0.098630,3.258206
1762729799.576587,-1.113314,1.767512,0.098630,3.258206
1762729799.624391,-1.113314,1.767512,0.098630,3.258206
1762729799.675317,-1.113314,1.767512,0.098630,3.258206
1762729799.725490,-1.113314,1.767512,0.098630,3.258206
1762729799.774339,-1.113314,1.767512,0.098630,3.258206
1762729799.824233,-1.113314,1.767512,0.098630,3.258206
1762729799.875507,-1.113314,1.767512,0.098630,3.258206
1762729799.924839,-1.113314,1.767512,0.098630,3.258206
1762729799.974076,-1.113314,1.767512,0.098630,3.258206
1762729800.024124,-1.113314,1.767512,0.098630,3.258206
1762729800.074914,-1.113314,1.767512,0.098630,3.258206
1762729800.124405,-1.113314,1.767512,0.098630,3.258206
1762729800.174861,-1.113314,1.767512,0.098630,3.258206
1762729800.224242,-1.113314,1.767512,0.098630,3.258206
1762729800.274062,-1.113314,1.767512,0.098630,3.258206
1762729800.324125,-1.113314,1.767512,0.098630,3.258206
1762729800.374403,-1.113314,1.767512,0.098630,3.258206
1762729800.424964,-1.113314,1.767512,0.098630,3.258206
1762729800.475370,-1.113314,1.767512,0.098630,3.258206
1762729800.525418,-1.113314,1.767512,0.098630,3.258206
1762729800.574025,-1.113314,1.767512,0.098630,3.258206
1762729800.626403,-1.113314,1.767512,0.098630,3.258206
1762729800.674224,-1.113314,1.767512,0.098630,3.258206
1762729800.724145,-1.113314,1.767512,0.098630,3.258206
1762729800.774183,-1.113314,1.767512,0.098630,3.258206
1762729800.824222,-1.113314,1.767512,0.098630,3.258206
1762729800.874049,-1.113314,1.767512,0.098630,3.258206
1762729800.925627,-1.113314,1.767512,0.098630,3.258206
1762729800.980159,-1.113314,1.767512,0.098630,3.258206
1762729801.024108,-1.113314,1.767512,0.098630,3.258206
1762729801.077435,-1.113314,1.767512,0.098630,3.258206
1762729801.124318,-1.113314,1.767512,0.098630,3.258206
1762729801.175045,-1.113314,1.767512,0.098630,3.258206
1762729801.224193,-1.113314,1.767512,0.098630,3.258206
1762729801.275074,-1.113314,1.767512,0.098630,3.258206
1762729801.325480,-1.113314,1.767512,0.098630,3.258206
1762729801.375641,-1.113314,1.767512,0.098630,3.258206
1762729801.424260,-1.113314,1.767512,0.098630,3.258206
1762729801.474025,-1.113314,1.767512,0.098630,3.258206
1762729801.524183,-1.113314,1.767512,0.098630,3.258206
1762729801.574064,-1.113314,1.767512,0.098630,3.258206
1762729801.624619,-1.113314,1.767512,0.098630,3.258206
1762729801.674040,-1.113314,1.767512,0.098630,3.258206
1762729801.726305,-1.113314,1.767512,0.098630,3.258206
1762729801.774041,-1.113314,1.767512,0.098630,3.258206
1762729801.824002,-1.113314,1.767512,0.098630,3.258206
1762729801.874057,-1.113314,1.767512,0.098630,3.258206
1762729801.924361,-1.113314,1.767512,0.098630,3.258206
1762729801.977375,-1.113314,1.767512,0.098630,3.258206
1762729802.024192,-1.113314,1.767512,0.098630,3.258206
1762729802.076427,-1.113314,1.767512,0.098630,3.258206
1762729802.124996,-1.113314,1.767512,0.098630,3.258206
1762729802.174235,-1.113314,1.767512,0.098630,3.258206
1762729802.227844,-1.113314,1.767512,0.098630,3.258206
1762729802.275262,-1.113314,1.767512,0.098630,3.258206
1762729802.324147,-1.113314,1.767512,0.098630,3.258206
1762729802.374227,-1.113314,1.767512,0.098630,3.258206
1762729802.425632,-1.113314,1.767512,0.098630,3.258206
1762729802.477246,-1.113314,1.767512,0.098630,3.258206
1762729802.524110,-1.113314,1.767512,0.098630,3.258206
1762729802.574140,-1.113314,1.767512,0.098630,3.258206
1762729802.627512,-1.113314,1.767512,0.098630,3.258206
1762729802.674153,-1.113314,1.767512,0.098630,3.258206
1762729802.724074,-1.113314,1.767512,0.098630,3.258206
1762729802.774420,-1.113314,1.767512,0.098630,3.258206
1762729802.828300,-1.113314,1.767512,0.098630,3.258206
1762729802.874894,-1.113314,1.767512,0.098630,3.258206
1762729802.924018,-1.113314,1.767512,0.098630,3.258206
1762729802.974033,-1.113314,1.767512,0.098630,3.258206
1762729803.024048,-1.113314,1.767512,0.098630,3.258206
1762729803.074262,-1.113314,1.767512,0.098630,3.258206
1762729803.127485,-1.113314,1.767512,0.098630,3.258206
1762729803.174966,-1.113314,1.767512,0.098630,3.258206
1762729803.224005,-1.113314,1.767512,0.098630,3.258206
1762729803.274045,-1.113314,1.767512,0.098630,3.258206
1762729803.324088,-1.113314,1.767512,0.098630,3.258206
1762729803.374168,-1.113314,1.767512,0.098630,3.258206
1762729803.424116,-1.113314,1.767512,0.098630,3.258206
1762729803.475230,-1.113314,1.767512,0.098630,3.258206
1762729803.524211,-1.113314,1.767512,0.098630,3.258206
1762729803.574144,-1.113314,1.767512,0.098630,3.258206
1762729803.624066,-1.113314,1.767512,0.098630,3.258206
1762729803.677041,-1.113314,1.767512,0.098630,3.258206
1762729803.725053,-1.113314,1.767512,0.098630,3.258206
1762729803.774184,-1.113314,1.767512,0.098630,3.258206
1762729803.824312,-1.113314,1.767512,0.098630,3.258206
1762729803.874223,-1.113314,1.767512,0.098630,3.258206
1762729803.926954,-1.113314,1.767512,0.098630,3.258206
1762729803.973999,-1.113314,1.767512,0.098630,3.258206
1762729804.024106,-1.113314,1.767512,0.098630,3.258206
1762729804.079044,-1.113314,1.767512,0.098630,3.258206
1762729804.124289,-1.113314,1.767512,0.098630,3.258206
1762729804.174049,-1.113314,1.767512,0.098630,3.258206
1762729804.224412,-1.113314,1.767512,0.098630,3.258206
1762729804.278202,-1.113314,1.767512,0.098630,3.258206
1762729804.329119,-1.113314,1.767512,0.098630,3.258206
1762729804.374016,-1.113314,1.767512,0.098630,3.258206
1762729804.426850,-1.113314,1.767512,0.098630,3.258206
1762729804.474994,-1.113314,1.767512,0.098630,3.258206
1762729804.524034,-1.113314,1.767512,0.098630,3.258206
1762729804.576198,-1.113314,1.767512,0.098630,3.258206
1762729804.624086,-1.113314,1.767512,0.098630,3.258206
1762729804.674693,-1.113314,1.767512,0.098630,3.258206
1762729804.724575,-1.113314,1.767512,0.098630,3.258206
1762729804.774176,-1.113314,1.767512,0.098630,3.258206
1762729804.827453,-1.113314,1.767512,0.098630,3.258206
1762729804.874737,-1.113314,1.767512,0.098630,3.258206
1762729804.924961,-1.113314,1.767512,0.098630,3.258206
1762729804.976377,-1.113314,1.767512,0.098630,3.258206
1762729805.024055,-1.113314,1.767512,0.098630,3.258206
1762729805.077863,-1.113314,1.767512,0.098630,3.258206
1762729805.124476,-1.113314,1.767512,0.098630,3.258206
1762729805.174586,-1.113314,1.767512,0.098630,3.258206
1762729805.224132,-1.113314,1.767512,0.098630,3.258206
1762729805.277340,-1.113314,1.767512,0.098630,3.258206
1762729805.324965,-1.113314,1.767512,0.098630,3.258206
